rfe_model,accuracy_mean,accuracy_std
logistic,0.7703825136612021,0.05505951923532528
perceptron,0.7449180327868853,0.06788737285030955
cart,0.7337887067395263,0.06712402959882631
forest,0.7504189435336976,0.05945503074163519
gbm,0.7459927140255009,0.056177828257205936
