rfe_model,accuracy_mean,accuracy_std
logistic,0.8163387978142076,0.03945796664319331
perceptron,0.8196539162112934,0.030981159598357382
cart,0.8174499089253188,0.04186767979565019
forest,0.8272859744990892,0.03489030980376441
gbm,0.8163387978142077,0.033587848539766485
